SiteID,SiteName,Country,Latitude,Longitude,PhaseID,Culture,StartBCE,EndBCE,milk,non.milk
ABIN,Abingdon,UK,51.671,-1.288,ABIN01,EN,3600,3000,16,14
ABOR,Abora,Latvia,56.858,26.843,ABOR02,Corded ware,2940,2054,0,8
AGL,Plan d’Agl,Switzerland,46.829,10.199,AGL01,BA/IA,1118,75,2,3
AGLI,Aglionby sand pit,UK,54.9,-2.864,AGLI01,BA,1686,1194,0,1
AGSA,Asagi Pinar,Turkey,41.722,27.226,AGSA01,Neo,5500,5000,7,3
AGSA,Asagi Pinar,Turkey,41.722,27.226,AGSA02,Neo,5500,5000,3,3
AJDO,Ajdovska jama,Slovenia,45.95,15.426,AJDO01,LN,4308,4265,5,7
AKAL,Akali,Estonia,58.408,27.23,AKAL01,Narva,5200,3900,0,31
AKON,Akonge,Denmark,55.408,10.691,AKON01,TRB,4000,3800,9,11
AKTO,Aktopraklik,Turkey,40.174,28.771,AKTO01,LN,5900,5700,0,2
ALBA,Al-Basatîn,Jordan,32.516,35.644,ALBA01,Neo,4800,3500,0,8
ALE,Ale,Denmark,55.887,9.562,ALE01,Ertebolle,4500,4000,0,2
ALIZ,Alizay,France,49.3,1.2,ALIZ01,EN,5400,5200,2,0
ALKS,Alksnyne 3,Lithuania,55.63,21.13,ALKS01,Corded ware,2500,2400,0,4
ALSO,Alsonyek,Hungary,46.207,18.702,ALSO01,Starcevo,5704,5558,8,5
AMES,Amesbury Archer,UK,51.17,-1.76,AMES01,EBA,2380,2290,1,0
APC,Apc-Berekalja I,Hungary,47.792,19.703,APC01,LBK,5470,4950,6,6
APC,Apc-Berekalja I,Hungary,47.792,19.703,APC02,LBK,5470,4950,0,8
APC,Apc-Berekalja I,Hungary,47.792,19.703,APC03,LBK,5470,4950,2,9
APC,Apc-Berekalja I,Hungary,47.792,19.703,APCX,LBK,5470,4950,1,0
APSA,Apsalos,Greece,40.901,22.053,APSA01,MN,5701,5622,3,16
ARBO,Arbon Bleiche 3,Switzerland,47.503,9.427,ARBO01,LN,3384,3370,6,23
ARIA,Aria Babi,Serbia,44.556,22.009,ARIA01,Starcevo,6300,5500,0,5
ARMA,Armadale,UK,57.065,-5.9,ARMA01,BA,2340,1667,1,0
ASAV,Asaviec 4,Belarus,54.262,27.13,ASAV01,Narva,4500,4000,0,3
ATAP,Portalon,Spain,42.349,-3.519,ATAP01,Neo,5434,3806,1,4
ATAP,Portalon,Spain,42.349,-3.519,ATAP02,Chalcolithic,3240,2823,11,7
ATAP,Portalon,Spain,42.349,-3.519,ATAP03,Chalcolithic,3029,2125,12,3
ATAP,Portalon,Spain,42.349,-3.519,ATAP04,BA,2082,1700,11,3
ATXO,Atxoste,Spain,42.754,-2.477,ATXO3B,Meso/EN,6154,4828,0,1
AUGH,Aughertree Fell,UK,54.733,-3.149,AUGH01,BA,1686,1194,1,2
AUGS,Augsburg-Haunstetten 1,Germany,48.317,10.905,AUGS01,BA,1200,800,1,0
BAA,Baabe 2,Germany,54.36,13.705,BAA01,TRB,3991,3668,2,12
BAA,Baabe 2,Germany,54.36,13.705,BAA02,TRB/Ertebolle,4250,3797,10,19
BAA,Baabe 2,Germany,54.36,13.705,BAA03,TRB/Ertebolle,4253,3786,4,10
BAA,Baabe 2,Germany,54.36,13.705,BAA05,Ertebolle,4375,4086,1,0
BADE,Bademagaci,Turkey,40.303,29.609,BADE01,Neo,7100,6000,4,2
BAIL,Baile Sear,UK,57.524,-7.379,BAIL01,IA,-479,-662,6,5
BAL,Balatonszárszó,Hungary,46.811,17.845,BAL01,LBK,5404,4915,0,10
BAL,Balatonszárszó,Hungary,46.811,17.845,BAL02,LBK,5404,4915,3,9
BAL,Balatonszárszó,Hungary,46.811,17.845,BAL03,LBK,5404,4915,0,22
BALB,Balbirnie,UK,56.215,-3.155,BALB01,NA,2000,1500,2,0
BALF,Balfarg riding school,UK,56.216,-3.154,BALF01,Grooved Ware,3127,2846,3,5
BALH,"Balhungie, Monikie",UK,56.5,-2.791,BALH01,EBA,2030,1880,1,0
BALL,Ballowall,UK,50.122,-5.701,BALL01,EBA,2500,801,1,0
BALLC,Ballynacarriga,UK,52.178,-8.272,BALLC01,Grooved Ware,2674,2414,7,3
BALLG,Ballygalley,UK,54.896,-5.864,BALLG01,EN,3720,3620,14,5
BALLH,Ballynahatty,UK,54.542,-5.951,BALLH01,Grooved Ware,2769,2287,10,0
BALR,Balregan,UK,54.029,-6.434,BALR01,MN,3600,3300,10,2
BARC,Barcin Hoyuk,Turkey,40.303,29.609,BARC01,Neo,6600,6000,45,51
BAUA,Bau Angius-Terralba,Italy,39.7,8.6,BAUA01,MNB,4500,4000,4,1
BEKE,Békésszentandrás-Furugy,Hungary,46.862,20.492,BEKE01,MCA,4000,3600,0,11
BELK,Belkaragai,Kazakhstan,53.2,63.6,BELK01,LN/EBA,3600,3100,0,9
BEN,"Ben Lawers, Perth&Kinross",UK,56.515,-4.165,BEN01,Beaker,2350,2020,1,0
BEST,Bestamak,Kazakhstan,49.2,78.4,BEST01,LN,4600,3600,0,13
BHAR,Bharpa Langlais,UK,57.571,-7.292,BHAR01,Hebridean,3600,2900,1,1
BIAR,Biarešca 4,Belarus,55.195,30.207,BIAR01,Narva,4500,4000,1,3
BILL,Billown,UK,54.092,-4.656,BILL01,Ronaldsway,2900,2300,9,2
BIS,Bischoffsheim,France,48.483,7.483,BIS02B,LBK,5298,5248,1,11
BIS,Bischoffsheim,France,48.483,7.483,BIS02C,LBK,5248,5223,0,7
BIS,Bischoffsheim,France,48.483,7.483,BIS03,LBK,5223,5183,1,10
BIS,Bischoffsheim,France,48.483,7.483,BIS04A1,LBK,5183,5150,2,18
BIS,Bischoffsheim,France,48.483,7.483,BIS04A2,LBK,5150,5138,1,5
BIS,Bischoffsheim,France,48.483,7.483,BIS04B,LBK,5138,5070,0,11
BJOR,Bjornsholm,Denmark,56.839,9.204,BJOR01,TRB,3900,3500,6,4
BJOR,Bjornsholm,Denmark,56.839,9.204,BJOR02,Ertebolle,4500,4000,1,0
BLAC,Black Patch,UK,50.874,-0.438,BLAC01,BA,1738,797,3,4
BLAG,Blagotin,Serbia,43.717,21.106,BLAG01,Neo,6200,6000,8,1
BOD,Bodzia,Poland,52.703,18.888,BOD01,LBK,5300,5200,9,13
BOD,Bodzia,Poland,52.703,18.888,BOD02,LBK,4330,3940,0,36
BOD,Bodzia,Poland,52.703,18.888,BOD06,LBK,5300,5200,1,0
BODO,Bodø Skålbunes,Norway,67.3,14.4,BODO01,Neo,-312,-553,1,0
BOGA,Bogazköy,Turkey,40.025,34.608,BOGA01,LBA,1500,1200,0,1
BORN,Bornais,UK,57.244,-7.424,BORN01/1,IA,-479,-662,6,0
BORN,Bornais,UK,57.244,-7.424,BORN01/2,IA,-703,-758,7,11
BORN,Bornais,UK,57.244,-7.424,BORN02/1,Norse,-852,-1198,15,7
BORN,Bornais,UK,57.244,-7.424,BORN02/2,Norse,-674,-1166,1,3
BORN,Bornais,UK,57.244,-7.424,BORN03,Norse,-1078,-1110,42,20
BORN,Bornais,UK,57.244,-7.424,BORN04/1,Norse,-1070,-1379,5,0
BORN,Bornais,UK,57.244,-7.424,BORN04/2,Norse,-1278,-1298,3,2
BORN,Bornais,UK,57.244,-7.424,BORN04/3,Norse,-1290,-1395,4,1
BOSC,Boscombe,UK,51.164,-1.766,BOSC01,Beaker,2452,2081,9,6
BOSI,Bosiliack,UK,50.152,-5.598,BOSI01,NA,1690,1500,1,0
BOTA,Botai,Kazakhstan,53.3,67.6,BOTA01,LN/EBA,3600,3100,0,50
BOU,Brodau,Germany,51.491,12.336,BOU01,LBK,5200,5000,3,3
BOWS,Bowsden West Farm,UK,55.672,-2.011,BOWS01,EBA,2570,2300,2,0
BOZ,Bozejewice,Poland,52.689,18.243,BOZ01,LBK,5300,5200,5,23
BPO,Bordu<U+0219>ani-Popina,Romania,44.5,27.923,BPO01,Chalcolithic,4506,4266,2,9
BRAE,Braes o'Habreck,UK,59.124,-2.971,BRAE01,Hebridean,3600,2900,2,1
BRAN,"Bransk, site 22",Poland,52.761,22.836,BRAN01,Meso,5250,3750,0,1
BREA,Brean Down,UK,51.328,-3.034,BREA04,BA,1942,688,14,2
BREA,Brean Down,UK,51.328,-3.034,BREA05B,BA,1687,738,5,7
BREA,Brean Down,UK,51.328,-3.034,BREA06,BA,2168,614,3,1
BRN,Brunn am Gebirge,Austria,48.117,16.297,BRN02,LBK,5670,5410,0,3
BRN,Brunn am Gebirge,Austria,48.117,16.297,BRN03,LBK,5410,5350,2,4
BROO,Broomend of Crichie,UK,57.267,-2.368,BROO01,EBA,2340,2130,1,0
BROU,Broughton Barn,UK,52.056,-0.677,BROU01,EBA,1890,1740,2,0
BROX,Broxburn,UK,55.934,-3.428,BROX01,Beaker,2350,2020,2,0
BRU,Brunn 17,Denmark,53.671,13.371,BRU01,TRB,4068,3408,1,0
BRZ,Brzezin 7,Poland,53.183,14.9,BRZ07,LBK,5300,5000,3,4
BUC,Bucy-le-Long,France,49.389,3.385,BUC01,VSG,5305,4444,1,2
BUC,Bucy-le-Long,France,49.389,3.385,BUC02,VSG,5305,4444,6,3
BUCK,Buckskin,UK,51.257,1.136,BUCK01,EBA,2280,1690,1,1
BULF,Bulford,UK,51.187,-1.75,BULF01,NA,2300,1900,0,1
BYL,Bylany,Czech Republic,49.936,15.242,BYL02,LBK,5500,5340,3,1
BYL,Bylany,Czech Republic,49.936,15.242,BYL05,LBK,5500,5340,0,4
BYL,Bylany,Czech Republic,49.936,15.242,BYL0503,LBK,5500,5340,0,1
BYL,Bylany,Czech Republic,49.936,15.242,BYL0504,LBK,5500,5340,1,16
BYL,Bylany,Czech Republic,49.936,15.242,BYL19,LBK,5160,5100,0,38
CABE,Cabeço das Amoreiras,Portugal,38.3,-8.4,CABE01,Cardial,5500,5100,0,15
CALD,Gruta do Caldeirão,Portugal,39.6,-8.5,CALD01,EN,5500,4500,1,7
CANE,Los Canes,Spain,43.3,-4.8,CANE01,EN,5000,4500,2,6
CANS,Can Sadurní,Catalonia,41.345,1.912,CANS01,Cardial,6000,5000,1,1
CANS,Can Sadurní,Catalonia,41.345,1.912,CANS02,EPC,6000,5000,3,1
CARN,Carneddau,UK,52.586,-3.492,CARN02,NA,1904,1524,1,0
CATA,Cataclews,UK,50.546,-5.007,CATA01,Neo,2014,1660,2,1
CATAL,Çatalhöyük,Turkey,37.666,32.826,CATAL01,NA,7000,6000,6,31
CATAL,Çatalhöyük,Turkey,37.666,32.826,CATALM,LN,6400,6317,0,9
CATAL,Çatalhöyük,Turkey,37.666,32.826,CATALN,LN,6300,6294,0,6
CATAL,Çatalhöyük,Turkey,37.666,32.826,CATALO,LN,6294,6163,0,9
CATAL,Çatalhöyük,Turkey,37.666,32.826,CATALP,LN,6163,6131,2,7
CATAL,Çatalhöyük,Turkey,37.666,32.826,CATALQ,LN,6131,6121,0,4
CATAL,Çatalhöyük,Turkey,37.666,32.826,CATALR,LN,6121,5930,0,7
CAYO,Cayönü Tepesi,Turkey,38.218,38.218,CAYO01,Neo,6500,6000,0,9
CEF,Cliff End Farm,UK,51.33,1.37,CEF01-2,LBA,770,723,1,1
CEF,Cliff End Farm,UK,51.33,1.37,CEF01-3,LBA,910,770,1,0
CEF,Cliff End Farm,UK,51.33,1.37,CEF01-4,LBA,928,910,0,2
CEF,Cliff End Farm,UK,51.33,1.37,CEF01-5,LBA,938,928,0,1
CEF,Cliff End Farm,UK,51.33,1.37,CEF01-8,LBA,1088,963,0,3
CEF,Cliff End Farm,UK,51.33,1.37,CEF02,LBA,1030,975,0,2
CEF,Cliff End Farm,UK,51.33,1.37,CEF04,LBA,1075,985,0,1
CETO,Cueva de el Toro,Spain,36.627,-4.518,CETO01,Neo,5280,4780,1,13
CETO,Cueva de el Toro,Spain,36.627,-4.518,CETO02,Neo,4250,3950,0,10
CHA,Chabsko 24,Poland,52.633,17.933,CHA24,LBK,5100,4800,2,2
CHAM,Chamanna dal Paster,Switzerland,46.482,9.938,CHAM01,IA,838,436,2,2
CHAP,Chapel Carn Brea,UK,50.095,-5.657,CHAP01,EBA,1880,1520,1,0
CHAT,Chatton Sandyford,UK,55.534,-1.843,CHAT01,Beaker,2350,2020,3,0
CICC,Ciccotto,Italy,40.862,16.675,CICC01,EN,7000,4000,1,2
CLAD,Cladh Hallan,UK,57.172,-7.41,CLAD01,BA,2340,1667,3,1
CLAD,Cladh Hallan,UK,57.172,-7.41,CLAD02,BA/IA,1000,400,16,0
COL,Colmar,France,48.076,7.373,COL01,LBK,5298,5248,1,4
COL,Colmar,France,48.076,7.373,COL02,LBK,5248,5223,0,8
COL,Colmar,France,48.076,7.373,COL03,LBK,5223,5183,1,6
COLLE,Colle Santo Stefano,Italy,41.95,13.654,COLLE01,Impressa,5840,5460,6,15
COLO,Colombelles “Le Lazzaro”,France,49.2,-0.3,COLO01,LBK/VSG,5300,4900,19,19
CORB,Corbiewells,UK,57.674,-3.157,CORB01,EBA,2400,2130,1,0
COSS,Cossington,UK,52.714,-1.112,COSS01,EBA,2100,1520,5,1
CRAW,"Crawstane, Barflat Rhynie",UK,57.325,-2.836,CRAW01,Beaker,2350,2020,2,0
CREA,Crean,UK,50.065,-5.644,CREA01,EBA,1880,1520,1,0
CROS,"Cross Farm, Stanbury",UK,53.83,-1.986,CROS01,EBA,1960,1780,1,0
CROSS,Crossiecrown,UK,59.006,-3.006,CROSS01,Grooved Ware,2900,2300,3,2
CUCK,Cuckoo Stone,UK,51.189,-1.793,CUCK01,NA,2246,1754,0,2
CUI,Cuiry-lès-Chaudardes,France,49.384,3.764,CUI01,LBK,5132,4773,13,6
CUI,Cuiry-lès-Chaudardes,France,49.384,3.764,CUI02,LBK,5135,4869,10,4
CUI,Cuiry-lès-Chaudardes,France,49.384,3.764,CUI03,LBK,5137,4964,25,16
CUI,Cuiry-lès-Chaudardes,France,49.384,3.764,CUI04,VSG,5305,4444,4,4
CUI,Cuiry-lès-Chaudardes,France,49.384,3.764,CUI05,Michelsberg,3912,3692,10,5
CULD,Culduthel,UK,57.451,-4.224,CULD01,Beaker,2560,2290,0,1
CULD,Culduthel,UK,57.451,-4.224,CULD02,MN,3400,2800,3,0
CUVE,Ils Cuvels,Switzerland,46.672,10.16,CUVE01,BA,1926,1574,0,4
DABK,"Dabki, site 9",Poland,54.38,16.319,DABK01,Meso,4250,4000,3,46
DAKT,Daktariške 5,Lithuania,55.8,22.38,DAKT01,GAC,2900,2700,1,3
DAKT,Daktariške 5,Lithuania,55.8,22.38,DAKT02,Corded ware,2800,2400,2,8
DAKT,Daktariške 5,Lithuania,55.8,22.38,DAKT03,Corded ware,2400,1800,1,5
DAKT,Daktariške 5,Lithuania,55.8,22.38,DAKT04,NA,2800,2400,0,3
DAKT,Daktariške 5,Lithuania,55.8,22.38,DAKT05,Narva,4500,4000,0,5
DAKU,Dakudava 5,Belarus,53.815,25.514,DAKU01,Corded ware,2900,2300,1,0
DANE,Danebury Hillfort,UK,51.138,-1.539,DANE01,IA,550,50,24,6
DANI,Danilo,Croatia,43.7,16.057,DANI01,MN,5198,4744,2,7
DAVI,Davidstow Moor,UK,50.633,-4.617,DAVI05,EBA,2500,801,1,0
DAVI,Davidstow Moor,UK,50.633,-4.617,DAVI24,EBA,2500,801,0,1
DAVI,Davidstow Moor,UK,50.633,-4.617,DAVI26,EBA,2500,801,1,0
DEMO,Demouville,France,49.2,-0.3,DEMO01,EN,5400,5200,1,2
DERE,Dereivka,Ukraine,48.9,33.8,DERE01,LN/EBA,3950,3530,1,26
DIET,Dietfurt-Tankstelle,Germany,49.033,11.574,DIET01,IA,800,450,1,0
DIEZ,Dietfurt-Tennisplatz,Germany,49.034,11.577,DIEZ01,IA,800,450,1,0
DIVO,Divostin,Serbia,44.024,20.833,DIVO01,Vinca Plocnik,5000,4600,3,4
DOBO,Doboz-Sarkadi-úti erdo,Hungary,46.677,21.302,DOBO01,LCA,3600,3000,0,8
DOEL,Doel 'Deurganckdok’,Belgium,51.311,4.265,DOEL01,Meso,4458,4242,1,1
DOMU,Domuz Tepe,Turkey,37.321,37.036,DOMU01,Neo,5600,5500,0,7
DONE,Donegore Hill,UK,54.736,-6.116,DONE01,EN,3860,3510,27,1
DONG,Dongal ,Kazakhstan,49.235,75.869,DONG01,BA,800,700,3,4
DOON,Doon Hill,UK,55.972,-2.503,DOON01,Neo,4046,3554,2,0
DOUG,Douglastown,UK,56.616,-2.95,DOUG01,EBA,2120,1900,1,0
DRAZ,Drazdy 12,Belarus,53.467,26.68,DRAZ01,Meso,5250,3750,0,2
DRAZ,Drazdy 12,Belarus,53.467,26.68,DRAZ02,Corded ware,2500,2000,0,1
DREN,Drenovac,Serbia,44,21.4,DREN01,Vinca Plocnik,5000,4600,6,5
DREN,Drenovac,Serbia,44,21.4,DREN02,Vinca Developed,5100,4900,2,1
DREN,Drenovac,Serbia,44,21.4,DRENX,Vinca,5300,4600,1,0
DSD,Droßdorf,Germany,51.008,12.123,DSD01,Michelsberg,4300,3800,3,4
DSD,Droßdorf,Germany,51.008,12.123,DSD02,Baalberger,3800,3500,12,5
DST,Dillingen-Steinheim,Germany,48.019,10.155,DST01,LBK,5250,5100,1,9
DUBI,Dubiciai 2,Lithuania,54.02,24.75,DUBI01,Corded ware,2800,2400,0,2
DUBI,Dubiciai 2,Lithuania,54.02,24.75,DUBI02,Meso,5250,3750,0,1
DUBO,Dubovy Loh 5,Belarus,52.527,31.363,DUBO01,Meso,5250,3750,0,1
DUNA,Dun Arnistean,UK,58.503,-6.232,DUNA01,IA,-479,-662,1,0
DUNAS,Dunasbroc,UK,58.473,-6.339,DUNAS01,Hebridean,3600,2900,16,2
DUNV,Dun Vulan,UK,57.241,-7.45,DUNV01,IA,150,-600,4,1
DUNV,Dun Vulan,UK,57.241,-7.45,DUNV02,IA,100,-100,2,0
DURR,Durrington Walls,UK,51.193,-1.787,DURR01,Grooved Ware,2490,1990,10,11
DURR,Durrington Walls,UK,51.193,-1.787,DURR03,EBA,2450,1700,6,1
DURR,Durrington Walls,UK,51.193,-1.787,DURR04,Grooved Ware,2490,1990,26,95
EAST,Easter Coltfield,UK,57.658,-3.475,EAST01,Beaker,2350,2020,0,3
ECSE,Ecsegfalva 23,Hungary,47.143,20.902,ECSE01,Starcevo,5800,5650,5,3
ECSE,Ecsegfalva 23,Hungary,47.143,20.902,ECSE02,Starcevo,5800,5700,5,2
EGEG,Ege Gubre,Turkey,38.739,26.96,EGEG01,Neo,6200,5700,3,8
EIRO,Cova Eirós,Spain,42.8,-7.2,EIRO01,Cardial,5250,5000,0,1
ELY,Ely Recycling Centre,UK,52.387,0.225,ELY01,LN/EBA,1910,1430,1,1
ENDP,Endrod-Páskum,Hungary,46.91,20.789,ENDP01,EN,6000,5500,0,4
ENDS,Endrod-Szujókereszt,Hungary,46.929,20.77,ENDS01,EN,6000,5500,0,3
ENS,Ensisheim,France,47.876,7.354,ENS02,LBK,5342,5195,9,10
ENS,Ensisheim,France,47.876,7.354,ENS03,LBK,5223,5183,6,10
ENS,Ensisheim,France,47.876,7.354,ENS04,LBK,5183,5070,3,8
ESPO,Espoo Näkinkylä,Finland,60.198,24.601,ESPO01,Corded ware,2800,2300,1,1
ESPOB,Espoo Bolarskog I,Finland,60.178,24.692,ESPOB01,Morby ware,800,-300,4,2
ETON,Eton Rowing Lake,UK,51.494,-0.663,ETON01,EN,4100,3500,23,4
EURA,Eura Luistarintien alue,Finland,61.112,22.144,EURA01,BA,1500,500,0,2
EWAN,Ewanrigg,UK,54.703,-3.501,EWAN01,EBA,2460,1520,1,0
EYT,Eythra,Germany,51.236,12.294,EYT01,LBK,5300,5200,0,3
EYT,Eythra,Germany,51.236,12.294,EYT02,LBK,5200,5000,0,5
EYT,Eythra,Germany,51.236,12.294,EYT03,Corded ware,2500,2200,2,2
EYT,Eythra,Germany,51.236,12.294,EYT04,LN/EBA,2500,2000,0,1
EYT,Eythra,Germany,51.236,12.294,EYT06,EBA,2200,1600,2,1
EYT,Eythra,Germany,51.236,12.294,EYT07,SBK,5000,4500,0,3
FAV,Faverdale,UK,54.551,-1.569,FAV01,LIA/E Roman,-100,-200,6,40
FAV,Faverdale,UK,54.551,-1.569,FAV02,LIA/E Roman,-170,-230,0,4
FAV,Faverdale,UK,54.551,-1.569,FAV03,LIA/E Roman,-100,-400,0,1
FAV,Faverdale,UK,54.551,-1.569,FAV04,LIA/E Roman,-300,-400,0,2
FDR,Friedrichsruhe 7/8,Germany,53.527,11.749,FDR07,TRB,4092,3202,11,5
FDR,Friedrichsruhe 7/8,Germany,53.527,11.749,FDR08,TRB,3769,3418,3,3
FINS,Finström Godby,Finland,60.23,19.988,FINS01,Morby ware,800,-300,1,0
FISH,Fishacre-Choakford,UK,50.402,-3.829,FISH01,Beaker,2500,2000,0,1
FKIR,Fikir Tepe,Turkey,40.987,29.04,FKIR01,Neo,6000,5500,19,6
FLIX,Flixborough,UK,53.618,-0.676,FLIX01,Saxon,900,700,7,24
FLIX,Flixborough,UK,53.618,-0.676,FLIX02,Saxon,1000,800,4,14
FLIX,Flixborough,UK,53.618,-0.676,FLIXX,Saxon,1200,600,2,3
FMAR,Fontenay-le-Marmion,France,49.1,-0.4,FMAR01,La Hoguette,5400,5200,0,1
FOND,"Fondo Azzollini, Pulo di Molfetta",Italy,41.195,16.576,FOND01,EN,7000,4000,4,5
FONT,Font Juvénal,France,43.297,2.343,FONT01,Pericardial,5610,4960,0,1
FONT,Font Juvénal,France,43.297,2.343,FONT02,EPC,5210,4400,4,1
FONT,Font Juvénal,France,43.297,2.343,FONT03,Chasseen,4900,4070,2,0
FONT,Font Juvénal,France,43.297,2.343,FONT04,Chasseen,4780,3970,4,0
FONT,Font Juvénal,France,43.297,2.343,FONTX,NA,5610,3040,1,0
FRAN,"Franks’ Sandpit, Betchworth",UK,51.241,-0.267,FRAN01,Grooved Ware,2674,2360,3,0
FRED,Frederiksodde,Denmark,55.568,9.749,FRED01,Ertebolle,4500,4000,0,1
FSH,Fishbourne,UK,50.837,0.81,FSH01,Roman,-100,-300,0,2
FSV,Felsovadász-Várdomb,Hungary,48.37,20.92,FSV01,ALP,5246,4754,2,8
FUG,Füzesabony-Gubakút,Hungary,47.731,20.413,FUGX,ALP,5432,5255,7,22
FUZE,Füzesgyarmat-Kék-tó-dulo,Hungary,47.105,21.211,FUZE01,ALP,5500,5000,0,1
GAD,Gädebehn 10,Germany,53.618,13.091,GAD01,TRB,4068,3408,2,0
GAYH,Gayhurst Barrow,UK,52.094,-0.756,GAYH01,NA,2100,1900,1,0
GEL,Geleen-Janskamperveld,Netherlands,50.985,5.814,GEL01,LBK,5220,5210,10,10
GEL,Geleen-Janskamperveld,Netherlands,50.985,5.814,GEL02,LBK,5210,5200,8,13
GEL,Geleen-Janskamperveld,Netherlands,50.985,5.814,GEL03,LBK,5200,5190,1,0
GEL,Geleen-Janskamperveld,Netherlands,50.985,5.814,GEL04,LBK,5190,5180,0,2
GEL,Geleen-Janskamperveld,Netherlands,50.985,5.814,GEL05,LBK,5180,5170,1,4
GENE,Generalka,Ukraine,47.6,35.3,GENE01,EBA,2973,2484,1,26
GERA,Gerani,Greece,35.359,24.408,GERA01,BA,4000,3500,0,2
GIRV,Girvan Warehouse,UK,55.264,-4.834,GIRV01,Neo,4046,3554,6,1
GITA,Los Gitanos,Spain,43.4,-3.3,GITA01,EN,4500,3500,4,9
GITA,Los Gitanos,Spain,43.4,-3.3,GITA02,EN,5000,3500,4,10
GLEN,Glencrutchery,UK,54.152,-4.485,GLEN01,Ronaldsway,2900,2300,2,2
GLUK,Glukas 3,Lithuania,54.29,24.559,GLUK01,Meso,5250,3750,0,1
GOOD,Goodland,UK,55.204,-6.119,GOOD01,MN,3600,3000,19,0
GOX,Goxhill,UK,53.678,-0.33,GOX01,NA,-250,-300,3,13
GOX,Goxhill,UK,53.678,-0.33,GOX02,NA,-275,-400,0,2
GOX,Goxhill,UK,53.678,-0.33,GOX03,NA,-400,-700,1,1
GOX,Goxhill,UK,53.678,-0.33,GOX04,NA,-200,-300,0,4
GOX,Goxhill,UK,53.678,-0.33,GOX05,NA,-150,-200,0,1
GOX,Goxhill,UK,53.678,-0.33,GOX06,NA,-50,-125,3,6
GOX,Goxhill,UK,53.678,-0.33,GOX07,IA,400,50,3,0
GRAD,"Grady-Woniecko, site 1",Poland,53.147,22.406,GRAD01,Meso,5250,3750,0,5
GRBS,Gribaša 4,Lithuania,54.04,24.73,GRBS01,GAC,2900,2400,0,1
GRBS,Gribaša 4,Lithuania,54.04,24.73,GRBS02,Meso,5250,3750,0,2
GRD,Garadna,Hungary,48.418,21.173,GRD01,ALP,5288,5030,4,14
GRIB,Gribaia-Nurachi,Italy,40,8.5,GRIB01,MNB,4500,4000,4,4
GRIV,Grivac,Serbia,44.004,20.698,GRIV01,Neo,6200,6000,3,3
GROTG,Grotte Gazel,France,43.326,2.421,GROTGB,Cardial,5300,5000,4,2
GROTG,Grotte Gazel,France,43.326,2.421,GROTGC,EPC,5100,4800,1,0
GROTG,Grotte Gazel,France,43.326,2.421,GROTGD,NA,4800,4500,2,1
GROTS,Grotta San Michele,Italy,39.779,16.157,GROTS01,EN,7000,4000,0,1
GROTS,Grotta San Michele,Italy,39.779,16.157,GROTS02,Stamped Ware,7000,4000,2,0
GRUB,Grube-Rosenhof LA 58,Germany,54.253,11.031,GRUB01,Ertebolle,4500,4000,15,80
GUVE,Guvercinkayasi,Turkey,38.402,34.196,GUVE01,Neo,5210,4850,0,3
HAGG,Haggardstown,UK,53.966,-6.392,HAGG01,EN,3721,3524,8,0
HAMA,Hamarøy Uteid,Norway,68.1,15.6,HAMA01,Neo,1100,270,1,0
HAMB,Hambledon Hill,UK,50.913,-2.222,HAMB01,EN,3700,3300,17,9
HAME,Hämeenlinna Hauho Perkiö,Finland,61.172,24.563,HAME01,Corded ware,2800,2300,0,1
HARF,Harford P&R,UK,52.589,1.27,HARF01,NA,2460,1980,3,1
HARL,Harlyn Bay,UK,50.54,-4.998,HARL01,EBA,2500,801,1,0
HATT,Hattersheim,Germany,50.07,8.487,HATT01,Michelsberg,4360,3535,2,2
HAVN,"Havnø
",Denmark,56.716,10.162,HAVN01,Ertebolle,4500,4000,2,4
HAVN,"Havnø
",Denmark,56.716,10.162,HAVN02,TRB,3900,3500,1,3
HEJ,Hejokürt-Lidl,Hungary,47.868,21.011,HEJ01,MN,5251,4846,0,1
HELS,Helsinki Malminkartano,Finland,60.247,24.862,HELS01,Corded ware,2800,2300,0,1
HER,Herxheim,Germany,49.137,8.213,HER01,LBK,5300,4950,0,1
HIRS,The Hirsel,UK,55.659,-2.272,HIRS01,Neo,3725,3600,3,0
HJAR,Hjarnø,Denmark,55.826,10.083,HJAR01,Ertebolle,4500,4000,0,3
HOCA,Hoca Cesme,Turkey,40.715,26.1,HOCA01,Neo,6500,5500,10,1
HOCE,Hocevarica,Slovenia,46,14.3,HOCE01,LN/EBA,3643,3510,0,11
HOCE,Hocevarica,Slovenia,46,14.3,HOCE0102,LN/EBA,3690,3550,0,4
HOCE,Hocevarica,Slovenia,46,14.3,HOCE02,LN/EBA,3662,3531,1,7
HOLM,Holm Mains Farm,UK,57.443,-4.241,HOLM01,EBA,2400,2130,3,0
HORN,Hornstaad-Hörnle IA,Germany,47.694,8.994,HORN01,LN,3922,3902,3,14
HOWI,Howick Heugh,UK,55.445,-1.628,HOWI01,BA,1686,1194,1,0
HOWL,Howl's Nest,UK,54.509,-1.256,HOWL01,BA,1686,1194,1,0
HUT,Iron Age Hut,Switzerland,46.908,10.259,HUT01,IA,882,628,4,1
ICA,Ica,Latvia,56.825,27.02,ICA01,Narva,4500,4000,0,4
ILCH,Ilchester-Barrington,UK,50.964,-2.871,ILCH01,Neo,3446,2954,1,1
IMM,Immingham,UK,53.624,-0.215,IMM01,NA,-250,-400,1,0
IMM,Immingham,UK,53.624,-0.215,IMM02,NA,-200,-400,2,5
IMM,Immingham,UK,53.624,-0.215,IMM03,NA,-375,-400,0,1
IMM,Immingham,UK,53.624,-0.215,IMM04,NA,-275,-400,1,4
IMM,Immingham,UK,53.624,-0.215,IMM05,NA,-250,-300,1,0
IMM,Immingham,UK,53.624,-0.215,IMM06,NA,-50,-150,0,6
IMM,Immingham,UK,53.624,-0.215,IMM07,NA,-150,-300,0,1
IMM,Immingham,UK,53.624,-0.215,IMM08,NA,-375,-425,3,14
IMM,Immingham,UK,53.624,-0.215,IMM09,NA,-300,-400,0,1
IMM,Immingham,UK,53.624,-0.215,IMM10,IA,400,50,1,2
IMM,Immingham,UK,53.624,-0.215,IMM11,Roman,-200,-400,0,1
IMM,Immingham,UK,53.624,-0.215,IMM12,NA,-100,-200,0,3
IMM,Immingham,UK,53.624,-0.215,IMM13,IA,400,50,0,4
IMM,Immingham,UK,53.624,-0.215,IMM14,IA,400,50,1,5
IMM,Immingham,UK,53.624,-0.215,IMM15,NA,-75,-200,0,1
INGH,Ingham Quarry,UK,52.29,0.701,INGH01,EBA,2040,1870,0,2
JARA,Jara 2,Lithuania,55.524,25.103,JARA01,Meso,5250,3750,0,1
JARL,Jarlshof,UK,59.869,-1.291,JARL01,Norse,-850,-1250,4,15
JAT,Jatznick 39,Germany,53.578,13.941,JAT01,TRB,4000,3300,7,7
JERO,"Jeroniki, site 2",Poland,53.151,23.062,JERO01,Meso,5250,3750,0,1
JOMD,Jomala Dalkarlby,Finland,60.152,19.949,JOMD01,Morby ware,800,-300,1,0
JOMO,Jomala Överby,Finland,60.152,19.984,JOMO01,Morby ware,800,-300,3,6
JORD15,Jordløse Mose XV,Denmark,55.2,10.2,JORD1501,TRB,3950,3530,1,0
JORD20,Jordløse Mose XX,Denmark,55.2,10.2,JORD2001,TRB,3950,3530,0,4
JORD21,Jordløse Mose XXI,Denmark,55.2,10.2,JORD2101,TRB,3950,3530,0,1
JORD8,Jordløse Mose VIII,Denmark,55.2,10.2,JORD801,TRB,3950,3530,1,0
KALD,"Kaldus, site 3",Poland,53.322,18.399,KALD01,Narva,4500,4000,1,0
KALMN,Suomussalmi Kalmosärkkä N,Finland,65.2,29.4,KALMN01,Meso,652,95,0,7
KALMS,Suomussalmi Kalmosärkkä S,Finland,65.2,29.4,KALMS01,Meso,617,65,0,2
KAM,Kamyane-Zavallia,Ukraine,48.185,29.962,KAM01,LBK,5258,4976,0,11
KAME,Kamen' 6,Belarus,53.861,26.657,KAME01,Meso,5250,3750,0,14
KAPE,Kapellenberg,Germany,51.564,8.552,KAPE01,Michelsberg,4200,3600,1,0
KAR,Karwowo 1,Poland,53.683,15.533,KAR01,LBK,5100,4800,9,14
KARA,Karaviškes 6,Lithuania,54.03,24.68,KARA01,Corded ware,2800,2400,0,3
KARA,Karaviškes 6,Lithuania,54.03,24.68,KARA02,Meso,5250,3750,0,2
KART,Karaturgai,Kazakhstan,50.622,56.823,KART01,BA,1100,800,0,1
KAUT,Kautokeino Virdnejávri 106,Norway,69,23,KAUT01,Meso,1626,334,1,4
KBAC,Kirkkonummi Koivistosveden,Finland,60.117,24.433,KBAC01,Corded ware,2746,2254,2,0
KBD,Kobaederra,Spain,43.343,-2.618,KBD3,EN,5860,3580,0,1
KBD,Kobaederra,Spain,43.343,-2.618,KBD4,EN,4759,3929,2,2
KELL,Suomussalmi Kellolaisten Tuli,Finland,65.2,29.4,KELL01,Meso,652,95,0,1
KEMI,Kemijärvi Neitilä 4,Finland,66.7,27.4,KEMI01,Meso,404,-10,0,1
KEMIK,Kemiönsaari Kåddböle,Finland,60.109,22.621,KEMIK01,Morby ware,800,-300,0,1
KENN,Kennel Hall Knowe,UK,55.205,-2.526,KENN01,Beaker,2350,2020,1,0
KENT,Kent,Kazakhstan,49.235,75.869,KENT01,BA,1300,900,19,12
KESE,Kesemölla,Sweden,56.1,14.5,KESE01,Ertebolle,4800,3900,0,2
KIE,Droßdorf,Germany,50.447,12.216,KIE01,Baalberger,3800,3500,1,4
KIERZ,Kierzkowo,Poland,52.846,17.87,KIERZ01,GAC,3180,2760,8,1
KIL,Kilianstädten,Germany,50.205,8.843,KIL01,LBK,5207,4849,1,10
KILI,Kilise Tepe,Turkey,36.483,33.55,KILI01,LBA,1500,1200,0,2
KILM,Kilmainham 1C,UK,53.341,-6.314,KILM01,EN,4006,3182,13,0
KILP,Cille Pheadair,UK,57.154,-7.408,KILP01,Norse,-1016,-1160,9,6
KIRK,Træna Kirkhellaren,Norway,66.5,12,KIRK01,Neo,1100,270,2,1
KIUK,Kiukainen Uotinmäki,Finland,61.207,22.084,KIUK01,Kiukainen ware,2500,1500,1,13
KKOI,Kirkkonummi Koivistosveden,Finland,60.117,24.433,KKOI01,Corded ware,2746,2254,0,1
KNAP,Knappach Toll,UK,57.054,-2.435,KNAP01,NA,2400,2000,1,0
KNOW,Knowes of Trotty,UK,59.039,-3.148,KNOW01,Hebridean,3600,2900,6,1
KOBE,"Kobern, Gondorf",Germany,49.969,6.619,KOBE01,Michelsberg,4446,3954,7,2
KOKE,Kokemaki Kraviojankangas,Finland,61.213,22.468,KOKE01,Comb ware,5150,4150,0,13
KOM,Komorniki 42,Poland,52.345,16.781,KOM01,TRB,3579,2878,9,5
KON,Konigshoven 14 (FR 5),Germany,51.004,6.537,KON10,LBK,5346,4854,4,5
KON,Konigshoven 14 (FR 5),Germany,51.004,6.537,KON11,LBK,5346,4854,7,12
KONE,Konezavod,Kazakhstan,53.1,65,KONE01,BA,1400,900,16,13
KONN,"Kõnnu
",Estonia,58.453,22.804,KONN01,Narva,5200,3900,0,4
KONO,Konoplyanka,Russia,52.9,60.2,KONO1,Sintashta,2100,1800,5,5
KOP,Kopydlowo,Poland,52.455,18.182,KOP01,LBPC,4350,4150,2,15
KOP,Kopydlowo,Poland,52.455,18.182,KOP02,LBK,5200,5000,3,8
KOP,Kopydlowo,Poland,52.455,18.182,KOP03,LBK,5250,4800,3,18
KOP,Kopydlowo,Poland,52.455,18.182,KOP04,TRB,3650,3300,29,14
KOPU,"Kõpu IA, Hiiumaa",Estonia,58.898,22.211,KOPU01,Narva,4500,4260,0,2
KOPU,"Kõpu IA, Hiiumaa",Estonia,58.898,22.211,KOPU02,Comb ware,3950,3250,0,2
KORO,Körösladány-Bikeri,Hungary,46.959,21.083,KORO01,ECA,4500,4000,1,5
KOUK,Kouklia,Cyprus,34.699,32.594,KOUK01,LBA,1500,1200,0,1
KRD,Karsdorf,Germany,51.28,11.673,KRD01,LBK,5500,4900,0,15
KRET,Kretuonas 1,Lithuania,55.248,26.08,KRET01,Narva,4500,4000,0,9
KROO,Kroodi,Estonia,59.456,25.012,KROO01,Narva,5200,3900,0,1
KRU,Kruszyn 13,Poland,52.567,19,KRU131,LBK,5200,5000,4,11
KRZE,"Krzemienne, site 2",Poland,53.195,23.404,KRZE01,Meso,5250,3750,0,1
KTEN,Kirkkonummi Tenga Nyaker,Finland,60.123,24.441,KTEN01,Corded ware,2746,2254,2,2
KTEN,Kirkkonummi Tenga Nyaker,Finland,60.123,24.441,KTEN02,Corded ware,2800,2300,2,3
KUC,Kuczkowo,Poland,52.733,18.617,KUC012,TRB,2219,1683,6,1
KUC,Kuczkowo,Poland,52.733,18.617,KUC051,LBK,5100,4800,8,4
KUK,Erkelenz-Kückhoven,Germany,51.061,6.348,KUK01,LBK,5200,5100,1,2
KUK,Erkelenz-Kückhoven,Germany,51.061,6.348,KUK02,LBK,5090,5057,0,6
KUKR,Kukruse,Estonia,59.378,27.354,KUKR01,Middle Ages,-1100,-1300,3,16
KUMK,Kumkeshu,Kazakhstan,50.1,64.8,KUMK01,LN/EBA,3700,2900,1,21
KUN,Künzing-Unternberg,Germany,48.676,13.045,KUN01,SBK/ROS,4846,4354,0,16
KVIE,Kvietiniai,Lithuania,55.75,21.41,KVIE01,Corded ware,2800,2400,2,4
KVIE,Kvietiniai,Lithuania,55.75,21.41,KVIE02,Corded ware,2000,1200,2,3
LAIG,Laigh Braehead,UK,55.772,-4.246,LAIG01,LBA,2000,1550,1,0
LAMB,Lambay Island,UK,53.491,-6.017,LAMB01,MN,3600,3000,6,2
LAME,Lapiás das Lameiras,Portugal,38.8,-9.3,LAME01,EN,5500,5000,1,5
LAN,Langenreichen am Burgholz,Germany,48.551,10.797,LAN01,LBK,5050,4950,0,5
LANN,"Lannion ""Kervouric""",France,48.7,-3.5,LANN01,LBK/VSG,4900,4600,10,9
LANT,Lanton Quarry,UK,55.574,-2.074,LANT02,Neo,3725,3600,28,4
LAPI,Lapinjärvi Malmbacken Norrby,Finland,60.619,26.2,LAPI01,Corded ware,2800,2300,1,2
LCAS,Los Cascajos,Spain,42.6,-2.2,LCAS1,EN,5310,3760,3,2
LDW6,Ludwinowo 6,Poland,52.565,19.004,LDW61,Lengyel,4330,3940,3,9
LDW7,Ludwinowo 7,Poland,52.565,19.004,LDW71,LBK,5546,5054,1,2
LDW7,Ludwinowo 7,Poland,52.565,19.004,LDW72A,LBK,5275,5200,3,12
LDW7,Ludwinowo 7,Poland,52.565,19.004,LDW72B,LBK,5200,5050,25,47
LDW7,Ludwinowo 7,Poland,52.565,19.004,LDW73,LBK,5050,4850,42,56
LDW7,Ludwinowo 7,Poland,52.565,19.004,LDW7X,LBK,5300,4850,0,2
LEPE,Lepenski Vir,Serbia,44.557,22.026,LEPE01,Starcevo,6300,5500,0,8
LESB,Les Blanches Banques,UK,49.197,-2.211,LESB01,Cerny,4500,4000,2,0
LESF,Les Fouillages,UK,49.497,-2.538,LESF01,VSG,4940,4250,4,0
LESM,Lesmurdie,UK,57.658,-3.303,LESM01,NA,1900,1600,3,0
LESM,Lesmurdie,UK,57.658,-3.303,LESM02,Neo,4046,3554,0,1
LGW,Langweiler 8,Germany,49.783,7.187,LGW04,LBK,5496,5004,5,3
LGW,Langweiler 8,Germany,49.783,7.187,LGW13,LBK,5246,4754,0,2
LING,Linga Fiold,UK,59.019,-3.283,LING01,BA,2250,1950,1,1
LINK,Links of Noltland,UK,59.326,-3.007,LINK01,Grooved Ware,2900,2300,29,20
LISA,Lisakovsk,Kazakhstan,52.554,62.503,LISA01,LBA,1400,900,3,4
LISA,Lisakovsk,Kazakhstan,52.554,62.503,LISA02,LBA,1780,1660,7,9
LITI,Liti III,Greece,40.745,22.978,LITI01,EN/MN,5900,5500,1,6
LOAN,Loanleven,UK,56.415,-3.534,LOAN01,EBA,2140,1530,1,0
LOCH,Loch Olabhat,UK,57.65,-7.455,LOCH01,Hebridean,3600,2900,7,1
LOCKE,Lockerbie,UK,55.131,-3.36,LOCKE02,Neo,3725,3600,2,0
LOCKI,Lockington,UK,52.858,-1.301,LOCKI01,EBA,2100,1520,2,1
LODD,Löddesborg,Sweden,55.7,13,LODD01,Ertebolle,4800,3900,0,8
LOMM,Lommi III,Estonia,59.418,28.336,LOMM01,Narva,5200,3900,0,2
LOPN,"Lopness, Orkney",UK,59.281,-2.426,LOPN01,NA,1950,1730,1,0
LOWM,Low Moralee Farm,UK,55.08,-2.24,LOWM01,EBA,2130,1700,1,0
LOWP,Lowpark,UK,53.953,-8.805,LOWP01,Grooved Ware,2556,2456,8,0
LUCY,Lucyn Barok Siamionauski,Belarus,53.01,30.014,LUCY01,Meso,5250,3750,0,3
LUND,Lundin Farm,UK,56.634,-3.827,LUND01,EBA,2210,1890,0,1
MAC,Maastricht-Cannerberg,Netherlands,50.825,5.668,MAC09,LBK,5175,5156,0,1
MAC,Maastricht-Cannerberg,Netherlands,50.825,5.668,MAC11,LBK,5137,5118,0,1
MAC,Maastricht-Cannerberg,Netherlands,50.825,5.668,MAC12,LBK,5118,5100,0,3
MAC,Maastricht-Cannerberg,Netherlands,50.825,5.668,MAC13,LBK,5100,5081,2,0
MAC,Maastricht-Cannerberg,Netherlands,50.825,5.668,MAC14,LBK,5081,5062,0,1
MAC,Maastricht-Cannerberg,Netherlands,50.825,5.668,MAC15,LBK,5062,5043,0,5
MAC,Maastricht-Cannerberg,Netherlands,50.825,5.668,MAC16,LBK,5043,5025,0,2
MAC,Maastricht-Cannerberg,Netherlands,50.825,5.668,MAC18,LBK,5006,4987,0,2
MAG,Magura-Buduiasca,Romania,44.021,25.407,MAG01,NA,5500,5200,0,7
MAGA,Magareci Mlin,Serbia,43.942,21.676,MAGA01,Neo,6100,5700,9,5
MAGH,Magheraboy,UK,54.265,-8.481,MAGH01,EN,3966,3588,22,0
MAGL2,Maglelyng 2,Denmark,55.6,11.6,MAGL201,TRB,3350,3100,0,2
MAGL3,Maglelyng 3,Denmark,55.6,11.6,MAGL301,TRB,3350,3100,0,1
MAID,Maiden Castle,UK,50.695,-2.47,MAID01,IA,450,-43,31,6
MAINA,Mains of Airlie,UK,56.643,-3.141,MAINA01,EBA,2030,1880,1,0
MAINC,Mains of Craichie,UK,56.615,-2.81,MAINC01,NA,2200,1880,0,1
MAK,Maastricht-Klinkers,Netherlands,50.872,5.671,MAK12,LBK,5118,5100,0,2
MAK,Maastricht-Klinkers,Netherlands,50.872,5.671,MAK13,LBK,5100,5081,5,8
MAK,Maastricht-Klinkers,Netherlands,50.872,5.671,MAK15,LBK,5062,5043,0,2
MAK,Maastricht-Klinkers,Netherlands,50.872,5.671,MAK18,LBK,5006,4987,0,1
MAKR,Makriyalos,Greece,40.416,22.604,MAKR01,LN,5400,4500,2,29
MAK,Maastricht-Klinkers,Netherlands,50.872,5.671,MAKX,LBK,5325,4950,0,1
MALA,Mala Triglavca,Slovenia,45.667,13.967,MALA01,Neo,5480,4261,6,2
MALE,Målevgård Mose,Denmark,55.8,12.3,MALE01,TRB,3950,3650,0,2
MARC,"March, Hundred Road, Highways Depot",UK,52.566,0.075,Mar-01,BA,1000,800,1,0
MATT,Plan da Mattun L1,Switzerland,46.851,10.227,MATT01,BA,1138,476,0,6
MAYB,Maybole,UK,55.353,-4.679,MAYB01,Neo,4046,3554,4,0
MDAF,Monte da Foz I,Portugal,39,-8.8,MDAF01,Cardial,5500,5100,1,13
MEAD,The Meads,UK,51.348,0.718,MEAD01,EBA,1412,1021,2,1
MELB,Melbourne Crossroads,UK,55.683,-3.453,MELB01,Grooved Ware,3127,2846,1,0
MELB,Melbourne Crossroads,UK,55.683,-3.453,MELB02,MN,3400,2800,3,0
MEZR,Mezraa Teleitat,Turkey,36.977,37.986,MEZR01,Neo,6500,6000,0,1
MGA,"Maizy ""les Grands Aisements""",France,49.376,3.735,MGA01,Michelsberg,3912,3692,15,6
MIKH,Mikhailovka I,Ukraine,47.5,33.9,MIKH01,LN/EBA,3800,3000,6,28
MIKH,Mikhailovka I,Ukraine,47.5,33.9,MIKH02,LN/EBA,3500,3000,2,17
MIKH,Mikhailovka I,Ukraine,47.5,33.9,MIKH03,EBA,3000,2300,3,13
MIKR,Mikri Volvi,Greece,40.676,23.588,MIKR01,EN,6609,6461,2,8
MIS,Stralsund 225 / Mischwassesspeicher,Germany,54.309,13.077,MIS01,TRB,4650,3290,1,2
MOCK,Mockbeggar Lane,UK,50.882,-1.787,MOCK01,EBA,2450,1700,0,2
MOD,Modlnica 5,Poland,50.119,19.869,MOD01,LBK,5100,5000,5,25
MOL,Mold,Austria,48.644,15.7,MOL01,LBK,5300,5040,0,10
MOL,Mold,Austria,48.644,15.7,MOL02,LBK,5300,5040,0,6
MOLY,Molyukhov Bugor,Ukraine,49.2,32.6,MOLY01,LN/EBA,4335,3541,0,11
MONA,Monanny,UK,53.989,-6.713,MONA01,EN,3796,3685,4,1
MONC,Moncrieffe Circle,UK,56.358,-3.405,MONC01,EBA,2140,1530,0,1
MONK,Monkton Up Wimbourne,UK,50.92,-1.978,MONK01,MN,3400,2800,1,0
MONT,Mont Orgueil,UK,49.199,-2.019,MONT01,Cerny,4500,4000,3,0
MORT,Nesseby Mortensnes,Norway,70.1,29,MORT01,Meso,1000,-300,0,1
MOVE,Moverna vas,Slovenia,45.633,15.221,MOVE01,Neo,4692,4359,9,23
MQF,Mountcastle Quarry,UK,56.31,-3.113,MQF01,Grooved Ware,2900,2300,0,2
MURT,Murton,UK,56.65,-2.828,MURT01,EBA,2120,1900,1,0
NAKO,Nakovana Cave,Croatia,43.003,17.084,NAKO01,EN,7000,4000,1,1
NAKO,Nakovana Cave,Croatia,43.003,17.084,NAKO02,MN,7000,4000,2,0
NARVA,Narva Joaorg,Estonia,59.382,28.181,NARVA01,Narva,5200,3900,0,29
NESS,Ness of Brodgar,UK,59.001,-3.232,NESS01,Grooved Ware,2900,2300,12,8
NETH,Netherton,UK,56.71,-2.74,NETH01,EBA,2140,1950,1,0
NEUS,Neustadt,Denmark,54.108,10.791,NEUS01,TRB,4100,3700,14,10
NEUS,Neustadt,Denmark,54.108,10.791,NEUS02,Ertebolle,4800,4000,6,28
NIDA,Nida,Lithuania,55.303,21.004,NIDA01,LN,3300,2400,2,14
NIDA,Nida,Lithuania,55.303,21.004,NIDA02,LN,2900,2400,0,2
NIE,Niederhummel,Germany,48.444,11.873,NIE01,LBK,5350,5200,0,1
NIZH,Nizhniy Rogachik,Ukraine,47.5,34.5,NIZH01,LN/EBA,3500,3000,3,20
NORS,Norsminde,Denmark,56.023,10.261,NORS01,TRB,3900,3500,0,2
NORT,Norton Fitzwarren,UK,51.026,-3.146,NORT01,EBA,1870,1600,1,0
NOVA,Nova Nadezhda,Bulgaria,42.013,25.737,NOVA01,Neo,6000,5600,2,7
NUS,Nustrow 8,Germany,54.015,12.598,NUS01,TRB,3956,3776,2,0
NWM,Vogelsang 10,Germany,53.742,12.406,NWM01,TRB,3650,3300,15,13
OCK,Öcsöd-Kováshalom,Hungary,46.9,20.392,OCK01,late Szakalhat-early Tisza,5511,5088,2,10
OCK,Öcsöd-Kováshalom,Hungary,46.9,20.392,OCK02,late Szakalhat-early Tisza,5041,4941,3,6
OGAR,Øgårde 5 (kar A),Denmark,55.6,11.5,OGAR01,TRB,3350,3100,2,0
OLDE,Oldenburg-Dannau LA 77,Germany,54.301,10.848,OLDE01,TRB,3270,3110,1,2
OLDE,Oldenburg-Dannau LA 77,Germany,54.301,10.848,OLDE02,TRB,3110,3020,3,4
OLDE,Oldenburg-Dannau LA 77,Germany,54.301,10.848,OLDE03,TRB,3270,3020,2,4
OLDS,Old Sarum,UK,51.101,-1.788,OLDS01,BA,1942,688,2,2
OLT,Olteni,Romania,44.179,25.297,OLT01,LBK,5200,5100,2,13
OSA,Osa,Latvia,56.913,27.027,OSA01,Narva,4500,4000,0,34
OUDE,Oudenaarde 'Donk',Belgium,50.843,3.591,OUDE01,Michelsberg,4000,3500,1,1
OVER,Over,UK,52.347,0.032,OVER01,Beaker,1900,1600,9,2
OVER,Over,UK,52.347,0.032,OVER02,BA,2200,1970,2,2
PALI,Paliambela,Greece,40.511,22.503,PALI02,MN,5746,5254,3,8
PALI,Paliambela,Greece,40.511,22.503,PALI03,LN,5511,5380,0,2
PALI,Paliambela,Greece,40.511,22.503,PALIX,Neo,5500,5380,5,7
PAS,Pastitz/Forst 53,Germany,54.366,13.454,PAS01,TRB,3898,3398,8,4
PCB,Piercebridge,UK,54.535,-1.676,PCB01,Roman,-200,-400,1,0
PCB,Piercebridge,UK,54.535,-1.676,PCB02,Roman,-150,-200,0,2
PCB,Piercebridge,UK,54.535,-1.676,PCB03,Roman,-300,-400,0,2
PCB,Piercebridge,UK,54.535,-1.676,PCB04,Roman,-100,-200,0,1
PCB,Piercebridge,UK,54.535,-1.676,PCB05,Roman,-100,-400,1,6
PCS,Polgár-Csoszhalom,Hungary,47.6,21.05,PCS01,LN,4882,4487,0,15
PCS,Polgár-Csoszhalom,Hungary,47.6,21.05,PCS02,LN,4882,4487,9,42
PENA,Peñalosa,Spain,38.171,-3.796,PENA01,BA,2250,1550,0,2
PENC,Pencraig Hill,UK,55.978,-2.694,PENC01,Neo,4046,3554,1,0
PEND,Pendik,Turkey,40.881,29.258,PEND01,Neo,6500,6000,5,3
PEND,Pendik,Turkey,40.881,29.258,PEND02,Neo,6500,6000,2,0
PERT,Grotte di Pertosa-Auletta,Italy,40.537,15.455,PERT01,BA,1700,1350,2,4
PFH,Polgár-Ferenci-hát,Hungary,47.873,21.142,PFH01,ALP,5467,5344,3,12
PFH,Polgár-Ferenci-hát,Hungary,47.873,21.142,PFH02,ALP,5450,5050,0,10
PIIK,Piikkiö Moisio Moision Alitalo,Finland,60.426,22.523,PIIK01,Morby ware,800,-300,0,1
PLA,Plate 3/14,Germany,53.552,11.508,PLA03,TRB,3600,3500,3,4
PLA,Plate 3/14,Germany,53.552,11.508,PLA14,TRB,3600,3500,2,1
PLO,Plonia 2,Poland,53.356,14.737,PLO02,LBK,5300,4800,3,7
POKR,Pokrovnik,Croatia,43.807,16.067,POKR01,MN,5251,4846,10,7
POKR,Pokrovnik,Croatia,43.807,16.067,POKR02,EN,6046,5784,1,9
POMA,Pomarkku Myllytorma/Patakoski,Finland,61.694,22.009,POMA01,Comb ware,5150,4150,2,8
POOL,Pool,UK,59.226,-2.669,POOL01,Grooved Ware,2900,2300,3,0
POOL,Pool,UK,59.226,-2.669,POOL02,Hebridean,3600,2900,1,0
PORV,Porvoo Böle Munkby,Finland,60.438,25.77,PORV01,Corded ware,2800,2300,0,2
POST,Cueva de los Postes,Spain,38.026,-6.496,POSTHE3,NA,2996,1864,1,5
POST,Cueva de los Postes,Spain,38.026,-6.496,POSTSU4,BA,3000,2500,0,1
POST,Cueva de los Postes,Spain,38.026,-6.496,POSTSU6,LN,3000,2500,1,1
POST,Cueva de los Postes,Spain,38.026,-6.496,POSTSU7,LN,3776,2914,0,1
POST,Cueva de los Postes,Spain,38.026,-6.496,POSTSU8,LN,4354,2936,1,0
POTT,Potterne,UK,51.324,-2.009,POTT01,BA/IA,1502,567,28,18
QUAN,Quanterness,UK,58.999,-3.015,QUAN01,NA,3600,2900,4,0
RAD,Radojewice,Poland,52.75,18.417,RAD291,LBK,5300,5200,1,0
RAD,Radojewice,Poland,52.75,18.417,RAD292,LBK,5200,5000,8,12
RAD,Radojewice,Poland,52.75,18.417,RAD293,LBK,5100,4800,1,0
RANS,"Ranstadt, Dauerheim",Germany,50.357,8.983,RANS01,Michelsberg,3700,3500,15,2
RAUS,Rauši,Latvia,57.003,25.649,RAUS01,IA,-1000,-1300,10,2
RESW,Reswallie Mains,UK,56.65,-2.824,RESW01,EBA,2210,1980,1,0
RIIG,"Riigikula IV
",Estonia,59.433,28.123,RIIG02,Comb ware,3950,3250,0,1
RIIG,"Riigikula IV
",Estonia,59.433,28.123,RIIG03,Corded ware,2900,2200,1,2
RING,Ringkloster,Denmark,56.013,9.965,RING01,Ertebolle,4500,4000,2,15
RITI,Ritini,Greece,40.29,22.285,RITI01,EN/MN,5900,5500,8,26
RODB,Rødbyhavn (MLF906-1),Denmark,54.6,11.3,RODB01,TRB,3950,3300,2,2
RODB2,Rødbyhavn (MLF939-1),Denmark,54.6,11.3,RODB201,TRB,3950,3300,1,0
RONA,Ronæs Skov,Denmark,55.44,9.824,RONA01,Ertebolle,4500,4000,0,2
RONAL,Ronaldsway,UK,54.083,-4.624,RONAL01,Ronaldsway,2900,2300,13,1
ROS,Rosheim,France,48.496,7.471,ROS01,ROS,4615,4463,1,2
ROS,Rosheim,France,48.496,7.471,ROS02,Grossgartach,4733,4660,8,25
ROS,Rosheim,France,48.496,7.471,ROS04A,LBK,5183,5138,0,9
ROS,Rosheim,France,48.496,7.471,ROS04B,LBK,5138,5070,0,23
ROS,Rosheim,France,48.496,7.471,ROS05,LBK,5070,5000,0,2
ROSE,Rosecliston,UK,50.393,-5.078,ROSE01,EBA,2500,801,1,0
ROSK,Roskilde Fjord,Denmark,55.911,12.046,ROSK01,TRB,3350,3100,1,0
ROSN,Træna Røsnesvalen,Norway,66.5,12,ROSN01,Neo,1725,1332,1,0
ROT,Rothenmoor 1,Germany,53.661,12.615,ROT01,TRB,3800,3600,4,0
ROTH,"Rothbury, Ward's Hill",UK,55.309,-1.914,ROTH01,BA,1686,1194,1,0
ROZ,Rozniaty 2,Poland,52.706,18.295,ROZ021,LBK,5300,5200,2,13
ROZ,Rozniaty 2,Poland,52.706,18.295,ROZ022,LBK,5200,5000,0,1
ROZ,Rozniaty 2,Poland,52.706,18.295,ROZ02X,LBK,5300,5000,0,2
RSB,Rosenburg,Austria,48.629,15.641,RSB01B,LBK,5350,5175,0,1
RSB,Rosenburg,Austria,48.629,15.641,RSB01B1,LBK,5350,5175,0,10
RSB,Rosenburg,Austria,48.629,15.641,RSB01B2,LBK,5350,5175,0,2
RUDN,Rudnya Serteyskaya,Russia,54.947,31.092,RUDN01,Narva,4500,4000,0,5
RUHN,"Ruhnu II
",Estonia,57.805,23.242,RUHN02,Narva,5200,3900,0,1
RUNN,Runnymede Bridge,UK,51.448,-0.568,RUNN01,EN,3600,3000,20,16
RUSA,Rusakova,Belarus,53.546,27.508,RUSA01,Meso,5250,3750,0,2
RUTO,Rutonjina Greda,Serbia,45.188,20.513,RUTO01,Neo,5900,5500,2,1
RZU,Rzucewo,Poland,54.686,18.463,RZU01,LN,2800,2600,0,10
SAB,Tell Sabi Abyad,Syria,36.504,39.093,SAB02,Neo,6455,6390,1,2
SAB,Tell Sabi Abyad,Syria,36.504,39.093,SAB03,Neo,6225,6000,0,2
SAB,Tell Sabi Abyad,Syria,36.504,39.093,SAB04,Neo,6000,5900,9,18
SAI,Saiser 1,Germany,54.481,13.526,SAI02,Ertebolle,4450,4100,2,8
SAI,Saiser 1,Germany,54.481,13.526,SAI03,Ertebolle,4450,4100,1,3
SAI,Saiser 1,Germany,54.481,13.526,SAIX,Ertebolle,4450,4100,0,3
SALP,Salpetermosen,Denmark,55.918,12.288,SALP01,TRB,3350,2950,0,1
SALT,Saltvik Härdalen 21.11,Finland,60.275,20.062,SALT01,Swedish Pitted ware,3300,2300,0,1
SALT,Saltvik Härdalen 21.11,Finland,60.275,20.062,SALT02,Kiukainen ware,2500,1500,0,1
SAND,Sørøysund Sandbukt Sørøy,Norway,70.6,22.9,SAND01,Meso,1620,1192,1,2
SAOP,São Pedro de Canaferrim,Portugal,38.8,-9.4,SAOP01,EN,5300,4700,1,5
SATA,Satan,Kazakhstan,49.235,75.869,SATA01,BA,1600,1500,1,1
SCAL,Scalloway,UK,60.142,-1.271,SCAL01,IA,-404,-778,13,3
SCAR,Scarcewater,UK,50.356,-4.929,SCAR01,NA,1540,1390,0,1
SCH,Schwanfeld,Germany,49.915,10.134,SCH01,LBK,5698,5180,0,1
SCH,Schwanfeld,Germany,49.915,10.134,SCH02,LBK,5370,5300,0,2
SCH,Schwanfeld,Germany,49.915,10.134,SCH03,LBK,5370,5300,0,1
SCH,Schwanfeld,Germany,49.915,10.134,SCH04,LBK,5370,5300,0,4
SCH,Schwanfeld,Germany,49.915,10.134,SCH05,LBK,5370,5300,0,3
SCHE,Schela Cladovei,Romania,44.626,22.606,SCHE01,Cris,6300,5500,1,10
SCHE,Schela Cladovei,Romania,44.626,22.606,SCHE02,NA,5950,5500,2,4
SCHE,Schela Cladovei,Romania,44.626,22.606,SCHE03,Cris,6000,5600,4,7
SCOR,Scord of Brouster,UK,60.248,-1.539,SCOR01,Grooved Ware,2900,2300,15,1
SCW,Schwerin 81,Germany,53.635,11.402,SCW01,TRB,3300,2900,2,2
SEAM,"Sea Meads, Praa Sands",UK,50.1,-5.38,SEAM01,BA,1562,1254,1,0
SECO,Seconda Spiaggia di Colonna,Italy,41.262,16.449,SECO01,MN,7000,4000,1,0
SENN,Sennen,UK,50.075,-5.702,SENN01,Beaker,2470,2130,1,0
SERT10,Serteya X,Russia,55.683,31.495,SERT1001,Narva,4500,4000,0,1
SERT14,Serteya XIV,Russia,55.683,31.495,SERT1401,Narva,4500,4000,0,5
SHAW,Shaw Cairn,UK,53.382,-2.022,SHAW01,NA,2140,1940,1,0
SHER,Sheriffton,UK,56.436,-3.453,SHER01,BA,2250,1950,1,0
SHIQ,Shiqmin,Jordan,31.195,34.622,SHIQ01,Neo,4800,3500,0,1
SHRU,Shrubsoles Hill,UK,51.41,0.829,SHRU01,EBA,1412,1021,3,1
SIE,Sierentz,France,47.66,7.45,SIE04A,LBK,5138,5070,11,12
SIE,Sierentz,France,47.66,7.45,SIE04B,LBK,5183,5138,8,15
SIEN,Sien’cycy 3,Belarus,51.787,28.323,SIEN01,Meso,5250,3750,0,1
SIN,Siniarzewo 1,Poland,52.733,18.683,SIN01,LBK,5300,5200,0,7
SIN,Siniarzewo 1,Poland,52.733,18.683,SIN02,LBK,5200,5000,4,9
SIN,Siniarzewo 1,Poland,52.733,18.683,SIN03,LBK,5100,4800,0,2
SIN,Siniarzewo 1,Poland,52.733,18.683,SINX,LBK,5300,4800,0,9
SK,Altscherbitz,Germany,51.392,12.233,SK01,LBK,5500,5000,2,22
SK,Altscherbitz,Germany,51.392,12.233,SK03,SBK,5000,4500,0,1
SKARA,Skara Brae,UK,59.049,-3.342,SKARA01,Grooved Ware,2900,2300,23,13
SKLA,Sklárské Valley,Czech Republic,49.105,13.378,SKLA01,IA,183,37,0,4
SKOG,Skogsmossen,Sweden,59.394,15.838,SKOG01,TRB,4000,3000,3,2
SKOR,Skorba,Malta,35.921,14.378,SKOR01,EN,7000,4000,1,0
SLAT,Slatina,Serbia,44.1,21.3,SLAT01,Vinca Plocnik,5000,4600,1,0
SLAT,Slatina,Serbia,44.1,21.3,SLAT02,Vinca Tordos,5300,5000,5,1
SLAT,Slatina,Serbia,44.1,21.3,SLATX,Vinca,5300,4600,2,0
SOLD,Soldattorpet,Sweden,55.6,13,SOLD01,Ertebolle,4800,3900,0,8
SOLH,Meløy Solheim Mesøy,Norway,66.8,13.5,SOLH01,Neo,1100,270,0,1
SORV,Sørvaranger Mestersanden,Norway,69.7,29.7,SORV01,Meso,929,53,0,9
SORV,Sørvaranger Mestersanden,Norway,69.7,29.7,SORV02,Meso,929,53,0,6
SOSN,"Sosnia, site 1",Poland,53.478,22.586,SOSN01,Meso,5250,3750,0,4
STAC,"Stacze, site 1",Poland,53.785,22.626,STAC01,Meso,5250,3750,0,6
STAI,Stainton Quarry,UK,54.146,-3.155,STAI01,EN,4000,3400,9,0
STAN,Stannon Down,UK,50.593,-4.64,STAN02,NA,1680,1430,0,2
STAN,Stannon Down,UK,50.593,-4.64,STAN06,NA,1561,1357,1,0
STANW,Stanwick,UK,52.329,-0.562,STANW01,IA,400,50,24,17
STANW,Stanwick,UK,52.329,-0.562,STANW02,Roman,0,-400,7,12
STANW,Stanwick,UK,52.329,-0.562,STANW03,Roman,-175,-200,1,0
STANW,Stanwick,UK,52.329,-0.562,STANW04,Roman,-200,-400,1,0
STANW,Stanwick,UK,52.329,-0.562,STANW05,Roman,-150,-200,1,0
STANW,Stanwick,UK,52.329,-0.562,STANW06,Roman,-250,-500,1,0
STANW,Stanwick,UK,52.329,-0.562,STANW07,Roman,-300,-400,1,0
STANW,Stanwick,UK,52.329,-0.562,STANW08,Roman,-200,-300,0,1
STANW,Stanwick,UK,52.329,-0.562,STANW09,Roman,-100,-200,0,1
STANW,Stanwick,UK,52.329,-0.562,STANW10,Roman,0,-500,0,1
STANW,Stanwick,UK,52.329,-0.562,STANW11,Roman,-200,-300,1,0
STAP,Stavroupoli,Greece,40.666,22.938,STAP01,LN,5839,5531,6,30
STAR,Starcevo Grad,Serbia,45.807,20.705,STAR01,Neo,5700,5500,16,12
STE,Stephansposching,Germany,48.815,12.804,STE01,LBK,5200,5130,0,5
STE,Stephansposching,Germany,48.815,12.804,STE02,LBK,5130,5060,0,9
STE,Stephansposching,Germany,48.815,12.804,STE03,LBK,5060,4950,1,6
STE,Stephansposching,Germany,48.815,12.804,STE04,OLB,4750,4450,0,8
STEI,Steigen Bø,Norway,68,15,STEI01,Neo,1100,270,0,1
STEN,Stenø,Denmark,55.814,12.048,STEN01,Ertebolle,4500,4000,4,4
STG,Stroegen,Austria,48.671,15.607,STG01,LBK,5475,5275,2,6
STG,Stroegen,Austria,48.671,15.607,STG02,LBK,5475,5275,0,2
STH,Stein-Heidekampweg,Netherlands,50.981,5.776,STH01,LBK,5564,5064,0,1
STON,Stoneyhill,UK,57.46,-1.874,STON01,NA,2500,2100,2,1
STONE,Stonehall,UK,58.997,-3.105,STONE01,Unstan,3600,2900,13,2
STONE,Stonehall,UK,58.997,-3.105,STONE02,Grooved Ware,2900,2300,10,4
STR,Strzelce,Poland,52.675,18.099,STR01,LBK,5300,5200,0,1
STREF,Street House Farm,UK,54.566,-0.862,STREF01,Grooved Ware,3480,3393,3,1
STREW,Street House Wossit,UK,54.56,-0.859,STREW01,NA,2285,1948,4,1
STU,Štúrovo,Slovakia,47.796,18.717,STU01A,LBK,5404,4915,6,13
STU,Štúrovo,Slovakia,47.796,18.717,STU02B,LBK,4878,4781,3,0
SUMB,Sumburgh,UK,59.879,-1.296,SUMB01,BA,2250,1950,14,3
SUMU,Su Mulinu Mannu-Terralba,Italy,39.7,8.6,SUMU01,MNB,4500,4000,1,2
SUTTC,Sutton Community Dig,UK,52.415,0.064,SUTTC01,NA,1880,1670,0,1
SVEN,Šventoji,Lithuania,56.026,21.082,SVEN01,Corded ware,2700,2400,0,1
SVEN,Šventoji,Lithuania,56.026,21.082,SVEN04,GAC,3018,2442,0,3
SVEN,Šventoji,Lithuania,56.026,21.082,SVEN26,Comb ware,3950,3250,0,1
SYLT,Syltholm,Denmark,54.6,11.4,SYLT01,Ertebolle,4800,3900,3,7
SZE,Szederkény-Kukorica-dulo,Hungary,46,18.45,SZEA1,Vinca,5383,5066,1,9
SZE,Szederkény-Kukorica-dulo,Hungary,46,18.45,SZEA2,Vinca,5383,5066,0,2
SZE,Szederkény-Kukorica-dulo,Hungary,46,18.45,SZEA3,Vinca,5383,5066,1,15
TASH,Tashik,Kazakhstan,49.979,74.399,TASH01,BA,1500,1200,3,3
TEGL,Teglgard-Helligkilde,Denmark,55.498,9.721,TEGL01,TRB,3950,3530,0,1
TEGL,Teglgard-Helligkilde,Denmark,55.498,9.721,TEGL02,Ertebolle,4500,4000,0,2
TENT,Tentsmuir,UK,56.414,-2.844,TENT01,BA,1686,1194,1,0
TEPE,Tepecik Çiftlik,Turkey,38.172,34.494,TEPE01,Neo,5900,5600,0,6
TES,Tešetice-Sutny,Czech Republic,48.886,16.157,TESA2,LBK,5300,5040,1,0
TES,Tešetice-Sutny,Czech Republic,48.886,16.157,TESA4,LBK,5300,5040,0,5
TEXM,Meløy Texmoen,Norway,66.8,13.5,TEXM01,Neo,950,611,1,1
THAN,Thanet Earth,UK,51.353,1.286,THAN01,LN/EBA,2300,1800,0,2
THER,Thermi,Greece,40.549,23.02,THER01,LN,5300,5000,0,3
THOR,"Thorney, Brigg's Farm",UK,52.59,-0.156,THOR01,EBA,2040,1870,1,1
TOL,Tolna-Mözs-Községi Csádés földek,Hungary,46.425,18.754,TOL01,LBK,5404,4915,1,7
TOL,Tolna-Mözs-Községi Csádés földek,Hungary,46.425,18.754,TOL02,LBK,5404,4915,5,12
TOPT,Toptepe,Turkey,41.01,27.781,TOPT01,Neo,5500,5000,6,2
TOUM,Toumba Kremastis Koiladas,Greece,40.356,21.925,TOUM01,LN,5340,4930,1,21
TRELI,Treligga,UK,50.633,-4.769,TRELI01,BA,1562,1254,1,0
TRET,Trethellan Farm,UK,50.204,-5.2,TRET01,BA,1562,1254,12,13
TRY,"Try, Gulval Menhir",UK,50.167,-5.555,TRY01,NA,1880,1600,1,1
TSD,Tiszaszolos-Domaháza,Hungary,47.552,20.72,TSDX,ALP,5620,5470,1,10
TULL,Tullahedy,UK,52.846,-8.246,TULL01,MN,3658,3485,23,0
TURK,Turku Jäkärlä,Finland,60.541,22.351,TURK01,Jäkärlä,5150,4150,0,5
TURK,Turku Jäkärlä,Finland,60.541,22.351,TURK02,Corded ware,2800,2300,1,2
TURKK,Turku Kotirinne,Finland,60.452,22.267,TURKK01,Kiukainen ware,2500,1500,1,23
TURKR,Turku Räntämäki Orhinkarsina,Finland,60.476,22.306,TURKR01,Morby ware,800,-300,0,1
TYBR,Tybrind Vig,Denmark,55.393,9.804,TYBR01,Ertebolle,4700,3800,11,20
UDNY,Udny Green,UK,57.329,-2.19,UDNY01,EBA,2340,2130,1,0
UFC,Upper Forth Crossing,UK,56.07,-3.736,UFC01,Neo,4046,3554,1,0
UFC,Upper Forth Crossing,UK,56.07,-3.736,UFC02,MN,3400,2800,13,2
UIV,Uivar,Romania,45.658,20.906,UIV01,Vinca,4840,4755,0,1
UIV,Uivar,Romania,45.658,20.906,UIV03,Vinca,4943,4897,0,1
UIV,Uivar,Romania,45.658,20.906,UIV04,Vinca,5018,4972,0,2
UIV,Uivar,Romania,45.658,20.906,UIV05,Vinca,5065,5027,1,0
ULKE,Ulkestrup Lyng,Denmark,55.6,11.5,ULKE01,TRB,3350,3100,0,1
ULUC,Ulucak Hoyuk,Turkey,38.467,27.352,ULUC01,Neo,6800,5700,1,4
ULVI,Ulvila Suolisto Peltomäki,Finland,61.43,21.876,ULVI01,Morby ware,800,-300,0,1
UPCA,Upper Campsie,UK,55.03,-7.216,UPCA01,EN,3741,3649,11,0
UPPE,Upper Largie,UK,56.149,-5.496,UPPE01,Beaker,2560,2290,3,0
UPTO,Upton,UK,52.233,-0.967,UPTO01,NA,1980,1750,1,0
URSC,Abri Urschai,Switzerland,46.834,10.204,URSC01,Neo,4589,4172,0,4
UTSJ,Utsjoki Guatniljärvi,Finland,69.9,27,UTSJ01,Meso,386,-320,0,1
VAI,Vaihingen,Germany,48.952,8.949,VAI01,LBK,5500,5075,0,5
VALA,Valada do Mato,Portugal,38.6,-8,VALA01,EN,5500,4500,0,19
VANT,Vantaa Jönsas-pohjoinen/itä Kaarela,Finland,60.261,24.858,VANT01,Corded ware,2800,2300,0,1
VARE,Varemenoi Goulon,Greece,40.16,21.914,VARE01,EN,6430,5670,0,5
VARN,Varene 10,Lithuania,54.218,24.574,VARN01,Meso,5250,3750,0,1
VAST,Västanfjärd Galtarby II,Finland,60.05,22.667,VAST01,Corded ware,2800,2300,0,2
VELE,Velesnica,Serbia,44.534,22.545,VELE01,Starcevo,6300,5500,0,18
VERS,Verson “Les Mesnils”,France,49.2,-0.5,VERS01,LBK/VSG,5200,4000,16,20
VESB,Vészto-Bikeri,Hungary,46.924,21.263,VESB01,ECA,4500,4000,0,3
VESZ,Vészto-Mágor,Hungary,46.939,21.209,VESZ01,LN,5000,4500,0,5
VESZ,Vészto-Mágor,Hungary,46.939,21.209,VESZ02,ECA,4500,4000,0,2
VIHA,"Vihasoo III
",Estonia,59.548,25.787,VIHA01,Narva,5200,3900,0,3
VIK,Vik,Sweden,55.6,14.3,VIK01,Ertebolle,4800,3900,0,1
VINC,Vinca Belo Brdo,Serbia,44.76,20.62,VINC01,Vinca Plocnik,5000,4600,1,7
VIRU,Virués-Martínez,Spain,37.231,-3.724,VIRU01,LN,3250,3000,1,1
VLAS,Vlasac,Serbia,44.534,22.049,VLAS01,Starcevo,6300,5500,0,2
VL,Anta 1 de Val da Laje,Portugal,39.554,-8.306,VLB,LN,3000,2500,9,22
VL,Anta 1 de Val da Laje,Portugal,39.554,-8.306,VLC,EN/MN,5900,5500,0,2
VRBJ,"Vrbjanska Cuka
",Macedonia,41.346,21.554,VRBJ01,Neo,5900,5500,1,5
WAN,Wang,Germany,48.497,11.931,WAN01,LBK,5324,4926,0,4
WANG,Wangels,Germany,54.271,10.764,WANG01,TRB,4100,3700,9,6
WANG,Wangels,Germany,54.271,10.764,WANG02,TRB,3000,2900,5,2
WANG,Wangels,Germany,54.271,10.764,WANG03,TRB,3120,3000,0,3
WANG,Wangels,Germany,54.271,10.764,WANG04,TRB,3360,3000,1,0
WANG,Wangels,Germany,54.271,10.764,WANG05,TRB,3360,3120,1,2
WANG,Wangels,Germany,54.271,10.764,WANG06,TRB,3640,3280,1,0
WCOT,West Cotton,UK,52.342,-0.569,WCOT01,Saxon,1150,950,2,4
WCOT,West Cotton,UK,52.342,-0.569,WCOT02,Middle Ages,1250,1100,3,7
WCOT,West Cotton,UK,52.342,-0.569,WCOT03,Middle Ages,1250,1150,0,3
WCOT,West Cotton,UK,52.342,-0.569,WCOT04,Middle Ages,1450,1400,1,2
WCOT,West Cotton,UK,52.342,-0.569,WCOT05,Saxon/Middle Ages,1450,950,2,6
WDOW,Wyke Down,UK,50.937,-1.993,WDOW01,Grooved Ware,2930,2860,2,5
WDOW,Wyke Down,UK,50.937,-1.993,WDOW02,MN,3400,2800,1,0
WESTH,West Heslerton,UK,54.179,-0.598,WESTH01,LN/EBA,1910,1430,8,1
WESTL,West Lilburn,UK,55.516,-1.969,WESTL01,BA,1686,1194,2,0
WIDE,Wideford Hill,UK,58.992,-3.03,WIDE01,Unstan,3600,2900,11,0
WILL,Willington,UK,52.863,-1.554,WILL01,LN/EBA,1910,1430,3,0
WILT,Wilton Moor barrow,UK,54.557,-1.109,WILT01,NA,2080,1880,1,1
WIND,Windmill Fields,UK,54.506,-1.313,WIND01,NA,2210,1980,2,0
WINH,Windmill Hill,UK,51.429,-1.855,WINH01,EN,3700,3100,24,12
WKEN,West Kennett,UK,51.413,-1.843,WKEN01,Grooved Ware,2490,1990,0,6
WRX,Wroxeter,UK,52.67,-2.646,WRX01,Roman,-100,-400,0,6
XAN,Xanten,Germany,51.667,6.451,XAN01,Roman,-100,-400,0,7
YABA,Yabalkovo,Bulgaria,42.077,25.443,YABA01,Karanovo I,6000,5700,4,11
YARI,Yarimburgaz,Turkey,41.075,28.741,YARI01,Neo,6000,5500,2,1
YARN,Yarnton Floodplain,UK,51.804,-1.31,YARN01,Grooved Ware,2900,2300,9,7
YARN,Yarnton Floodplain,UK,51.804,-1.31,YARN02,MN,3400,2400,4,4
YARN,Yarnton Floodplain,UK,51.804,-1.31,YARN03,Beaker,2400,1800,2,0
YARN,Yarnton Floodplain,UK,51.804,-1.31,YARN04,IA,395,165,11,8
YENI,Yenikapi,Turkey,40.999,28.949,YENI01,Neo,6000,4980,1,11
ZACE,Zacennie,Belarus,54.925,30.767,ZACE01,Narva,4500,4000,0,2
ZAL,Zalecino,Poland,53.198,15.083,ZAL01,LBK,5300,5000,1,0
ZEG,Zegotki,Poland,52.667,18.209,ZEG02,LBK,5200,5000,3,15
ZEG,Zegotki,Poland,52.667,18.209,ZEG03,LBK,5100,4800,3,6
ZUK,Zuków,Poland,53.155,15.113,ZUK03,LBK,5300,5000,1,0
ZVID,Zvidze,Latvia,56.851,26.911,ZVID01,Narva,4500,4000,0,56
ZWE,Zwenkau,Germany,51.236,12.342,ZWE01,LBK,5400,5300,0,8
ZWE,Zwenkau,Germany,51.236,12.342,ZWE02,LBA,1200,1000,1,8
ZWE,Zwenkau,Germany,51.236,12.342,ZWE03,IA,800,450,3,9
